Workbook

Sheet transactions_view
A1: transaction_id | B1: user_id | C1: merchant_id | D1: transaction_time | E1: amount_inr | F1: payment_method | G1: status | H1: risk_score | I1: merchant_name | J1: category | K1: region | L1: Fee Tier (MDR %) | M1: UPI | N1: Wallet | O1: Card | P1: Netbanking | Q1: mdr_fee_pct | R1: txn_date | S1: merchant_day_total | T1: merchant_day_classification | V1: merchant_id | W1: total_txn_count | X1: unique_days_count
A2: TXN100000 | B2: 350 | C2: 16 | D2: 46051.467 | E2: 2999 | F2: Wallet | G2: captured | H2: 85 | I2: =IFERROR(VLOOKUP($C2, merchants!$A$2:$D$41, 2, FALSE), "Merchant not found") -> Merchant_016 | J2: =IFERROR(VLOOKUP($C2, merchants!$A$2:$D$41, 3, FALSE), "Merchant not found") -> bill_payment | K2: =IFERROR(VLOOKUP($C2, merchants!$A$2:$D$41, 4, FALSE), "Merchant not found") -> West | M2: 0.3 | N2: 0.5 | O2: 1.5 | P2: 0.9 | Q2: =HLOOKUP(F2, $M$1:$P$2, 2, FALSE) -> 0.5 | R2: =DATE(YEAR(D2), MONTH(D2), DAY(D2)) -> 46051 | S2: =SUMIFS($E$2:$E$548, $C$2:$C$548, C2, $R$2:$R$548, R2) -> 2999 | T2: =IF(AND(S2>5000, K2<>"East"), "High-Value Merchant Day", "Normal") -> Normal | V2: 1 | W2: =COUNTIF($C$2:$C$548, V2) -> 9 | X2: =SUMPRODUCT((($C$2:$C$548=V2))/COUNTIFS($C$2:$C$548,$C$2:$C$548,$R$2:$R$548,$R$2:$R$548)) -> 7
A3: TXN100001 | B3: 287 | C3: 27 | D3: 46026.492 | E3: 49 | F3: UPI | G3: captured | H3: 79 | I3: =IFERROR(VLOOKUP($C3, merchants!$A$2:$D$41, 2, FALSE), "Merchant not found") -> Merchant_027 | J3: =IFERROR(VLOOKUP($C3, merchants!$A$2:$D$41, 3, FALSE), "Merchant not found") -> ecommerce | K3: =IFERROR(VLOOKUP($C3, merchants!$A$2:$D$41, 4, FALSE), "Merchant not found") -> North | Q3: =HLOOKUP(F3, $M$1:$P$2, 2, FALSE) -> 0.3 | R3: =DATE(YEAR(D3), MONTH(D3), DAY(D3)) -> 46026 | S3: =SUMIFS($E$2:$E$548, $C$2:$C$548, C3, $R$2:$R$548, R3) -> 49 | T3: =IF(AND(S3>5000, K3<>"East"), "High-Value Merchant Day", "Normal") -> Normal | V3: 2 | W3: =COUNTIF($C$2:$C$548, V3) -> 10 | X3: =SUMPRODUCT((($C$2:$C$548=V3))/COUNTIFS($C$2:$C$548,$C$2:$C$548,$R$2:$R$548,$R$2:$R$548)) -> 9
A4: TXN100002 | B4: 122 | C4: 11 | D4: 46046.208 | E4: 1499 | F4: Wallet | G4: captured | H4: 22 | I4: =IFERROR(VLOOKUP($C4, merchants!$A$2:$D$41, 2, FALSE), "Merchant not found") -> Merchant_011 | J4: =IFERROR(VLOOKUP($C4, merchants!$A$2:$D$41, 3, FALSE), "Merchant not found") -> ecommerce | K4: =IFERROR(VLOOKUP($C4, merchants!$A$2:$D$41, 4, FALSE), "Merchant not found") -> North | Q4: =HLOOKUP(F4, $M$1:$P$2, 2, FALSE) -> 0.5 | R4: =DATE(YEAR(D4), MONTH(D4), DAY(D4)) -> 46046 | S4: =SUMIFS($E$2:$E$548, $C$2:$C$548, C4, $R$2:$R$548, R4) -> 1798 | T4: =IF(AND(S4>5000, K4<>"East"), "High-Value Merchant Day", "Normal") -> Normal | V4: 3 | W4: =COUNTIF($C$2:$C$548, V4) -> 17 | X4: =SUMPRODUCT((($C$2:$C$548=V4))/COUNTIFS($C$2:$C$548,$C$2:$C$548,$R$2:$R$548,$R$2:$R$548)) -> 13
A5: TXN100003 | B5: 92 | C5: 22 | D5: 46051.542 | E5: 49 | F5: Netbanking | G5: captured | H5: 100 | I5: =IFERROR(VLOOKUP($C5, merchants!$A$2:$D$41, 2, FALSE), "Merchant not found") -> Merchant_022 | J5: =IFERROR(VLOOKUP($C5, merchants!$A$2:$D$41, 3, FALSE), "Merchant not found") -> travel | K5: =IFERROR(VLOOKUP($C5, merchants!$A$2:$D$41, 4, FALSE), "Merchant not found") -> South | Q5: =HLOOKUP(F5, $M$1:$P$2, 2, FALSE) -> 0.9 | R5: =DATE(YEAR(D5), MONTH(D5), DAY(D5)) -> 46051 | S5: =SUMIFS($E$2:$E$548, $C$2:$C$548, C5, $R$2:$R$548, R5) -> 49 | T5: =IF(AND(S5>5000, K5<>"East"), "High-Value Merchant Day", "Normal") -> Normal | V5: 4 | W5: =COUNTIF($C$2:$C$548, V5) -> 9 | X5: =SUMPRODUCT((($C$2:$C$548=V5))/COUNTIFS($C$2:$C$548,$C$2:$C$548,$R$2:$R$548,$R$2:$R$548)) -> 7
A6: TXN100004 | B6: 343 | C6: 16 | D6: 46052.577 | E6: 99 | F6: UPI | G6: captured | H6: 34 | I6: =IFERROR(VLOOKUP($C6, merchants!$A$2:$D$41, 2, FALSE), "Merchant not found") -> Merchant_016 | J6: =IFERROR(VLOOKUP($C6, merchants!$A$2:$D$41, 3, FALSE), "Merchant not found") -> bill_payment | K6: =IFERROR(VLOOKUP($C6, merchants!$A$2:$D$41, 4, FALSE), "Merchant not found") -> West | Q6: =HLOOKUP(F6, $M$1:$P$2, 2, FALSE) -> 0.3 | R6: =DATE(YEAR(D6), MONTH(D6), DAY(D6)) -> 46052 | S6: =SUMIFS($E$2:$E$548, $C$2:$C$548, C6, $R$2:$R$548, R6) -> 898 | T6: =IF(AND(S6>5000, K6<>"East"), "High-Value Merchant Day", "Normal") -> Normal | V6: 5 | W6: =COUNTIF($C$2:$C$548, V6) -> 11 | X6: =SUMPRODUCT((($C$2:$C$548=V6))/COUNTIFS($C$2:$C$548,$C$2:$C$548,$R$2:$R$548,$R$2:$R$548)) -> 9
A7: TXN100005 | B7: 196 | C7: 3 | D7: 46028.921 | E7: 99 | F7: UPI | G7: captured | H7: 60 | I7: =IFERROR(VLOOKUP($C7, merchants!$A$2:$D$41, 2, FALSE), "Merchant not found") -> Merchant_003 | J7: =IFERROR(VLOOKUP($C7, merchants!$A$2:$D$41, 3, FALSE), "Merchant not found") -> grocery | K7: =IFERROR(VLOOKUP($C7, merchants!$A$2:$D$41, 4, FALSE), "Merchant not found") -> East | Q7: =HLOOKUP(F7, $M$1:$P$2, 2, FALSE) -> 0.3 | R7: =DATE(YEAR(D7), MONTH(D7), DAY(D7)) -> 46028 | S7: =SUMIFS($E$2:$E$548, $C$2:$C$548, C7, $R$2:$R$548, R7) -> 898 | T7: =IF(AND(S7>5000, K7<>"East"), "High-Value Merchant Day", "Normal") -> Normal
A8: TXN100006 | B8: 236 | C8: 23 | D8: 46030.286 | E8: 99 | F8: Wallet | G8: captured | H8: 39 | I8: =IFERROR(VLOOKUP($C8, merchants!$A$2:$D$41, 2, FALSE), "Merchant not found") -> Merchant_023 | J8: =IFERROR(VLOOKUP($C8, merchants!$A$2:$D$41, 3, FALSE), "Merchant not found") -> travel | K8: =IFERROR(VLOOKUP($C8, merchants!$A$2:$D$41, 4, FALSE), "Merchant not found") -> North | Q8: =HLOOKUP(F8, $M$1:$P$2, 2, FALSE) -> 0.5 | R8: =DATE(YEAR(D8), MONTH(D8), DAY(D8)) -> 46030 | S8: =SUMIFS($E$2:$E$548, $C$2:$C$548, C8, $R$2:$R$548, R8) -> 99 | T8: =IF(AND(S8>5000, K8<>"East"), "High-Value Merchant Day", "Normal") -> Normal
A9: TXN100007 | B9: 13 | C9: 13 | D9: 46049.301 | E9: 99 | F9: UPI | G9: captured | H9: 51 | I9: =IFERROR(VLOOKUP($C9, merchants!$A$2:$D$41, 2, FALSE), "Merchant not found") -> Merchant_013 | J9: =IFERROR(VLOOKUP($C9, merchants!$A$2:$D$41, 3, FALSE), "Merchant not found") -> travel | K9: =IFERROR(VLOOKUP($C9, merchants!$A$2:$D$41, 4, FALSE), "Merchant not found") -> East | Q9: =HLOOKUP(F9, $M$1:$P$2, 2, FALSE) -> 0.3 | R9: =DATE(YEAR(D9), MONTH(D9), DAY(D9)) -> 46049 | S9: =SUMIFS($E$2:$E$548, $C$2:$C$548, C9, $R$2:$R$548, R9) -> 99 | T9: =IF(AND(S9>5000, K9<>"East"), "High-Value Merchant Day", "Normal") -> Normal
A10: TXN100008 | B10: 36 | C10: 18 | D10: 46033.372 | E10: 799 | F10: UPI | G10: captured | H10: 44 | I10: =IFERROR(VLOOKUP($C10, merchants!$A$2:$D$41, 2, FALSE), "Merchant not found") -> Merchant_018 | J10: =IFERROR(VLOOKUP($C10, merchants!$A$2:$D$41, 3, FALSE), "Merchant not found") -> grocery | K10: =IFERROR(VLOOKUP($C10, merchants!$A$2:$D$41, 4, FALSE), "Merchant not found") -> West | Q10: =HLOOKUP(F10, $M$1:$P$2, 2, FALSE) -> 0.3 | R10: =DATE(YEAR(D10), MONTH(D10), DAY(D10)) -> 46033 | S10: =SUMIFS($E$2:$E$548, $C$2:$C$548, C10, $R$2:$R$548, R10) -> 799 | T10: =IF(AND(S10>5000, K10<>"East"), "High-Value Merchant Day", "Normal") -> Normal
A11: TXN100009 | B11: 348 | C11: 35 | D11: 46043.684 | E11: 299 | F11: UPI | G11: captured | H11: 42 | I11: =IFERROR(VLOOKUP($C11, merchants!$A$2:$D$41, 2, FALSE), "Merchant not found") -> Merchant_035 | J11: =IFERROR(VLOOKUP($C11, merchants!$A$2:$D$41, 3, FALSE), "Merchant not found") -> recharge | K11: =IFERROR(VLOOKUP($C11, merchants!$A$2:$D$41, 4, FALSE), "Merchant not found") -> East | Q11: =HLOOKUP(F11, $M$1:$P$2, 2, FALSE) -> 0.3 | R11: =DATE(YEAR(D11), MONTH(D11), DAY(D11)) -> 46043 | S11: =SUMIFS($E$2:$E$548, $C$2:$C$548, C11, $R$2:$R$548, R11) -> 299 | T11: =IF(AND(S11>5000, K11<>"East"), "High-Value Merchant Day", "Normal") -> Normal
A12: TXN100010 | B12: 134 | C12: 12 | D12: 46023.164 | E12: 49 | F12: UPI | G12: captured | H12: 74 | I12: =IFERROR(VLOOKUP($C12, merchants!$A$2:$D$41, 2, FALSE), "Merchant not found") -> Merchant_012 | J12: =IFERROR(VLOOKUP($C12, merchants!$A$2:$D$41, 3, FALSE), "Merchant not found") -> ecommerce | K12: =IFERROR(VLOOKUP($C12, merchants!$A$2:$D$41, 4, FALSE), "Merchant not found") -> East | Q12: =HLOOKUP(F12, $M$1:$P$2, 2, FALSE) -> 0.3 | R12: =DATE(YEAR(D12), MONTH(D12), DAY(D12)) -> 46023 | S12: =SUMIFS($E$2:$E$548, $C$2:$C$548, C12, $R$2:$R$548, R12) -> 548 | T12: =IF(AND(S12>5000, K12<>"East"), "High-Value Merchant Day", "Normal") -> Normal
A13: TXN100011 | B13: 306 | C13: 28 | D13: 46031.046 | E13: 2999 | F13: Card | G13: failed | H13: 44 | I13: =IFERROR(VLOOKUP($C13, merchants!$A$2:$D$41, 2, FALSE), "Merchant not found") -> Merchant_028 | J13: =IFERROR(VLOOKUP($C13, merchants!$A$2:$D$41, 3, FALSE), "Merchant not found") -> ecommerce | K13: =IFERROR(VLOOKUP($C13, merchants!$A$2:$D$41, 4, FALSE), "Merchant not found") -> South | Q13: =HLOOKUP(F13, $M$1:$P$2, 2, FALSE) -> 1.5 | R13: =DATE(YEAR(D13), MONTH(D13), DAY(D13)) -> 46031 | S13: =SUMIFS($E$2:$E$548, $C$2:$C$548, C13, $R$2:$R$548, R13) -> 2999 | T13: =IF(AND(S13>5000, K13<>"East"), "High-Value Merchant Day", "Normal") -> Normal
A14: TXN100012 | B14: 311 | C14: 33 | D14: 46046.435 | E14: 49 | F14: Wallet | G14: captured | H14: 14 | I14: =IFERROR(VLOOKUP($C14, merchants!$A$2:$D$41, 2, FALSE), "Merchant not found") -> Merchant_033 | J14: =IFERROR(VLOOKUP($C14, merchants!$A$2:$D$41, 3, FALSE), "Merchant not found") -> bill_payment | K14: =IFERROR(VLOOKUP($C14, merchants!$A$2:$D$41, 4, FALSE), "Merchant not found") -> East | Q14: =HLOOKUP(F14, $M$1:$P$2, 2, FALSE) -> 0.5 | R14: =DATE(YEAR(D14), MONTH(D14), DAY(D14)) -> 46046 | S14: =SUMIFS($E$2:$E$548, $C$2:$C$548, C14, $R$2:$R$548, R14) -> 49 | T14: =IF(AND(S14>5000, K14<>"East"), "High-Value Merchant Day", "Normal") -> Normal
A15: TXN100013 | B15: 131 | C15: 3 | D15: 46035.758 | E15: 49 | F15: UPI | G15: captured | H15: 90 | I15: =IFERROR(VLOOKUP($C15, merchants!$A$2:$D$41, 2, FALSE), "Merchant not found") -> Merchant_003 | J15: =IFERROR(VLOOKUP($C15, merchants!$A$2:$D$41, 3, FALSE), "Merchant not found") -> grocery | K15: =IFERROR(VLOOKUP($C15, merchants!$A$2:$D$41, 4, FALSE), "Merchant not found") -> East | Q15: =HLOOKUP(F15, $M$1:$P$2, 2, FALSE) -> 0.3 | R15: =DATE(YEAR(D15), MONTH(D15), DAY(D15)) -> 46035 | S15: =SUMIFS($E$2:$E$548, $C$2:$C$548, C15, $R$2:$R$548, R15) -> 198 | T15: =IF(AND(S15>5000, K15<>"East"), "High-Value Merchant Day", "Normal") -> Normal
A16: TXN100014 | B16: 276 | C16: 13 | D16: 46036.023 | E16: 1499 | F16: UPI | G16: captured | H16: 46 | I16: =IFERROR(VLOOKUP($C16, merchants!$A$2:$D$41, 2, FALSE), "Merchant not found") -> Merchant_013 | J16: =IFERROR(VLOOKUP($C16, merchants!$A$2:$D$41, 3, FALSE), "Merchant not found") -> travel | K16: =IFERROR(VLOOKUP($C16, merchants!$A$2:$D$41, 4, FALSE), "Merchant not found") -> East | Q16: =HLOOKUP(F16, $M$1:$P$2, 2, FALSE) -> 0.3 | R16: =DATE(YEAR(D16), MONTH(D16), DAY(D16)) -> 46036 | S16: =SUMIFS($E$2:$E$548, $C$2:$C$548, C16, $R$2:$R$548, R16) -> 1499 | T16: =IF(AND(S16>5000, K16<>"East"), "High-Value Merchant Day", "Normal") -> Normal
A17: TXN100015 | B17: 170 | C17: 40 | D17: 46036.113 | E17: 99 | F17: UPI | G17: captured | H17: 40 | I17: =IFERROR(VLOOKUP($C17, merchants!$A$2:$D$41, 2, FALSE), "Merchant not found") -> Merchant_040 | J17: =IFERROR(VLOOKUP($C17, merchants!$A$2:$D$41, 3, FALSE), "Merchant not found") -> entertainment | K17: =IFERROR(VLOOKUP($C17, merchants!$A$2:$D$41, 4, FALSE), "Merchant not found") -> South | Q17: =HLOOKUP(F17, $M$1:$P$2, 2, FALSE) -> 0.3 | R17: =DATE(YEAR(D17), MONTH(D17), DAY(D17)) -> 46036 | S17: =SUMIFS($E$2:$E$548, $C$2:$C$548, C17, $R$2:$R$548, R17) -> 99 | T17: =IF(AND(S17>5000, K17<>"East"), "High-Value Merchant Day", "Normal") -> Normal
A18: TXN100016 | B18: 154 | C18: 33 | D18: 46044.157 | E18: 99 | F18: Netbanking | G18: captured | H18: 39 | I18: =IFERROR(VLOOKUP($C18, merchants!$A$2:$D$41, 2, FALSE), "Merchant not found") -> Merchant_033 | J18: =IFERROR(VLOOKUP($C18, merchants!$A$2:$D$41, 3, FALSE), "Merchant not found") -> bill_payment | K18: =IFERROR(VLOOKUP($C18, merchants!$A$2:$D$41, 4, FALSE), "Merchant not found") -> East | Q18: =HLOOKUP(F18, $M$1:$P$2, 2, FALSE) -> 0.9 | R18: =DATE(YEAR(D18), MONTH(D18), DAY(D18)) -> 46044 | S18: =SUMIFS($E$2:$E$548, $C$2:$C$548, C18, $R$2:$R$548, R18) -> 99 | T18: =IF(AND(S18>5000, K18<>"East"), "High-Value Merchant Day", "Normal") -> Normal
... A548: TXN300031 | B548: 345 | C548: 12 | D548: 46045.377 | E548: 399 | F548: Card | G548: captured | H548: 69 | I548: =IFERROR(VLOOKUP($C548, merchants!$A$2:$D$41, 2, FALSE), "Merchant not found") -> Merchant_012 | J548: =IFERROR(VLOOKUP($C548, merchants!$A$2:$D$41, 3, FALSE), "Merchant not found") -> ecommerce | K548: =IFERROR(VLOOKUP($C548, merchants!$A$2:$D$41, 4, FALSE), "Merchant not found") -> East | Q548: =HLOOKUP(F548, $M$1:$P$2, 2, FALSE) -> 1.5 | R548: =DATE(YEAR(D548), MONTH(D548), DAY(D548)) -> 46045 | S548: =SUMIFS($E$2:$E$548, $C$2:$C$548, C548, $R$2:$R$548, R548) -> 448 | T548: =IF(AND(S548>5000, K548<>"East"), "High-Value Merchant Day", "Normal") -> Normal

Sheet merchant_status_summary

Sheet merchant_daily_totals

Sheet merchants
A1: merchant_id | B1: merchant_name | C1: category | D1: region
A2: 1 | B2: Merchant_001 | C2: ecommerce | D2: South
A3: 2 | B3: Merchant_002 | C3: grocery | D3: West
A4: 3 | B4: Merchant_003 | C4: grocery | D4: East
A5: 4 | B5: Merchant_004 | C5: ecommerce | D5: East
A6: 5 | B6: Merchant_005 | C6: recharge | D6: South
A7: 6 | B7: Merchant_006 | C7: food_delivery | D7: South
A8: 7 | B8: Merchant_007 | C8: food_delivery | D8: East
A9: 8 | B9: Merchant_008 | C9: food_delivery | D9: North
A10: 9 | B10: Merchant_009 | C10: ecommerce | D10: North
A11: 10 | B11: Merchant_010 | C11: grocery | D11: West
A12: 11 | B12: Merchant_011 | C12: ecommerce | D12: North
A13: 12 | B13: Merchant_012 | C13: ecommerce | D13: East
... A41: 40 | B41: Merchant_040 | C41: entertainment | D41: South
